PHP Developer (CorePHP and/or Codeigniter),"Satellite, Ahmedabad, Gujarat",Hidden Brains,https://in.indeed.com/cmp/Hidden-Brains?campaignid=mobvjcmp&from=mobviewjob&tk=1i50h7v6rkhf4801&fromjk=2d2ce27969feee89,Full-time,"1Years
Relevant Experience
3Years
Total Experience
FullTime
Job Type
5
No. of Openings
Strong experience on CorePHP, MVC Framewokrs (CI Preferred), MYSQL & Javascript skills.
Excellent communication and inter-personal skills.
Effective Client Communication on International Projects is most preferred.
Pro-active & responsible in approach.
Good Analytical and Problem Solving abilities.
Ability to work on Multiple Projects with multiple deadlines.
Responsibilities
Previous experience in development of high-end web applications in PHP, MYSQL and AJAX.
Strong understanding of W3C compliant HTML and CSS code.
Strong PHP skills, both in scripting and object orientation (OOPS).
Strong knowledge of MySQL databases, including their construction, stored procedures, triggers and performance management.
Good working knowledge on CORE PHP along with any of the MVC Frameworks like.
CodeIgniter, Cakephp, Zend, YII.
Solid Linux background (Ubuntu or CentOS preferred).
Working knowledge shopping cart development with shipping, and Payment Gateway.
Integration for E-commerce websites.
Should have excellent database design and implementation skills.
Strong knowledge of JavaScript and JavaScript frameworks, preferably jQuery.
Previous use of a version control system (Git or SVN).
Minimum Qualifications
BCA / B.E./ B.Tech / MCA / M.Tech / Equivalent
Preferred Qualifications
Certification in relevant technologies would be preferred."
PHP Developer Internship,"Ahmedabad, Gujarat",Ingress IT Solutions,https://in.indeed.com/cmp/Ingress-IT-Solutions?campaignid=mobvjcmp&from=mobviewjob&tk=1i50h8156kdrm803&fromjk=47f4c5d7985c0154,Full-time,"Job Description:
Selected intern’s day-to-day responsibilities include:
Understanding MVC design patterns
Understanding the fundamental design principle behind a scalable application
Working on user authentication and authorization between multiple systems, servers, and environments
Working on front-end technologies such as JavaScript, AngularJS, VueJS, HTML5, CSS3, etc.
Skills Required:
Strong knowledge of PHP web frameworks like Laravel, CodeIgnitor, etc. depending on your technology stack
Good knowledge in PHP and knowledge of fully synchronous behavior of PHP
Basic knowledge of NodeJS
Familiarity with SQL/NoSQL database and their declarative query languages
Advanced knowledge in WebPack and other basic tools to work with JavaScript nowadays (Git, NPM, etc.)
Constant desire to learn and the ability to learn quickly
Aesthetic sensibility and attention to detail
A team player
You feel comfortable expressing yourself in English
Desirable Skills:
Strong Knowledge of PHP, MVC Framework and Laravel Framework
Education:
(UG – Any Graduate – Any Specialization) , (PG – Any PG Course – Any Specialization), B. Sc IT, M. Sc. IT, BCA, MCA, B. Tech, M. Tech
Job Category:
Internship
Job Type:
Full Time
Job Location:
Ahmedabad"
Sr. PHP Developer,"Ahmedabad, Gujarat",Birbals Technologies Pvt Ltd,https://in.indeed.com/cmp/Birbals-Inc-1?campaignid=mobvjcmp&from=mobviewjob&tk=1i50h822qic1r800&fromjk=23ebedc8d934706a,Full-time,"Join Our Tech Team
Become a vital part of our tech team, where you'll be primarily responsible for developing and operating our server-side infrastructure. Collaborating closely with our CEO, you will play a key role in scaling our products and ensuring their reliability. This position involves hands-on coding (90%) and strategic planning (10%).
Key Responsibilities:
Develop robust server-side applications using PHP
Design and implement scalable server architectures and infrastructures
Lead the CI/CD pipeline setup and management
Manage and optimize SQL databases
Create automated test suites to ensure product reliability
Select and manage tools for effective system monitoring, reflecting best practices
Required Technical Skills:
Expertise in PHP (knowledge in Python is a strong plus)
Proficient with Docker and Kubernetes
Experience in designing and managing automated CI/CD workflows
Strong understanding of both relational and non-relational databases
Professional Attributes:
At least 5 years of experience in backend development
Minimum 2 years of experience involving DevOps practices, preferably in high-traffic environments
If your skills and expertise match the requirements of this position, please send us your CV for review. Additionally, if you have a portfolio or examples of previous work, we would be interested in seeing them. We are eager to assess your qualifications and establish a cooperative relationship as soon as possible.
We look forward to hearing from you.
Job Type: Full-time
Work Location: In person"
Student Internship,"Vastrapur, Ahmedabad, Gujarat",I Vision Infotech,https://in.indeed.com/cmp/I-Vision-Infotech?campaignid=mobvjcmp&from=mobviewjob&tk=1i50h83l02e72000&fromjk=6d5fe376858ed3d1,Full-time,"Job description
Exciting Opportunity for PHP/Laravel Developer & Flutter/Android Developer
student, freshers and trainees
at I Vision Infotech
Are you a passionate individual pursuing a degree in IT? We have an incredible internship opportunity waiting for you!
-Position: IT Intern
- Location: Ahmadabad
- Eligibility: BCA, Bsc.IT, Msc.IT, MCA, BE IT, Diploma IT
- About Us:
We are a dynamic and innovative company committed to providing a nurturing environment for young talents to thrive. As an IT intern, you will have the chance to work on real-world projects, enhance your skills, and be mentored by experienced professionals
Job Types: Fresher, Internship
Contract length: 3 months
Pay: From ₹3,000.00 per month
Jadwal:
Fixed shift
Experience:
total work: 1 year (Preferred)
Work Location: In person
Job Types: Full-time, Permanent
Pay: ₹12,809.39 - ₹77,384.45 per month
Schedule:
Fixed shift
Experience:
total work: 1 year (Preferred)
Work Location: In person
Job Types: Full-time, Permanent
Pay: ₹12,809.39 - ₹77,384.45 per month
Schedule:
Fixed shift
Experience:
total work: 1 year (Preferred)
Work Location: In person"
Full Stack Developer,"Ahmedabad, Gujarat",ixceed solutions,https://in.indeed.com/cmp/Ixceed-Solutions?campaignid=mobvjcmp&from=mobviewjob&tk=1i50h855okhj4800&fromjk=993701fe2a7f7db4,"₹8,00,000 - ₹10,00,000 a year","Role: Full-stack developer
Location: Ahmedabad
Type: Onsite
Job Description:
Requirement
Minimum 3 years of experience in React.js development.
Proficiency in HTML, CSS, and modern CSS frameworks (Bootstrap, Foundation, or Tailwind CSS).
Strong understanding of JavaScript (ES6+), including DOM manipulation and event handling.
Experience with state management libraries (Redux, Vuex).
Proficiency in Node.js for back-end development.
Knowledge of PHP is a plus.
Solid experience with SQL databases (MySQL).
Strong understanding of RESTful services and API design.
Familiarity with version control systems (Git).
Experience with package managers (npm, Yarn, Composer).
Job Type: Permanent
Pay: ₹800,000.00 - ₹1,000,000.00 per year
Schedule:
Day shift
Experience:
React.js: 3 years (Required)
HTML, CSS: 3 years (Required)
JavaScript (ES6+): 3 years (Required)
Redux, Vuex: 2 years (Required)
MySQL/SQL: 2 years (Required)
API design: 2 years (Required)
Npm, Yarn, Composer: 2 years (Required)
Total: 4 years (Required)
Work Location: In person"
Fresher Php Developer,"Ahmedabad, Gujarat",Pixlogix Infotech,https://in.indeed.com/cmp/Pixlogix-Infotech?campaignid=mobvjcmp&from=mobviewjob&tk=1i50h86bujhqp801&fromjk=0b7e77e934020904,Full-time,"We’re looking for enthusiastic freshers to join our team as PHP Developers.
Experience:
Fresher
Job Type:
Full-Time
Location:
Ahmedabad
Openings:
1
Job Description
If you have basic knowledge & skills of PHP Development, we will provide you with systematic training.
Minimum Qualifications
BE, ME, MCA or MSC (IT)
Roles and Responsibilities
Strong Knowledge of Core PHP Concepts
Basic knowledge of PHP Framework
Basic knowledge of PHP based CMS (WordPress, Magento)
Flexible to work on any PHP frameworks or CMS
Good Understanding of AJAX
Good knowledge of front-end technologies, such as jQuery, javascript, HTML5, and CSS3, Angular JS
Proficiency with MySQL
Knowledge of object oriented PHP programming
Self Learn and career oriented
Enthusiastic, energetic, detail oriented, and self-Motivated
Should be good at team work
Good Communication
Understanding of client requirement"
Sr. PHP Developer,"Vastrapur, Ahmedabad, Gujarat",JBK Technologies Pvt Ltd.,https://in.indeed.com/cmp/Jbk-Technologies-Pvt-Ltd.?campaignid=mobvjcmp&from=mobviewjob&tk=1i50h87hukhj4802&fromjk=60e23c6fd7e7f54b,"₹4,00,000 - ₹10,00,000 a year","Job Type:
Full Time
Job Time:
12 pm to 9 pm
Working days:
5 days (Mon – Fri) - WFO
About the company
JBK Technologies Private Limited is a subsidiary of a US based technologies and business consulting firm, Grove86 Group in NY/NJ. Grove86 specializes in technology and business consulting for startups and VC-backed companies. We help resolve the most critical matters: technology, strategy, marketing, organization, operations, and budgeting, while focusing on the entrepreneur’s idea and opportunities. And, Yes, we also provide full service branding and digital solutions to your business.
Our Mission:
We don’t want to let your ideas vaporize just because you don’t have enough capital or the right technology resources. Many noble ideas just die down because technology seems too complex or too expensive. At Grove86 we help kick-start new ideas by providing technology and product development consulting.
The Role
We are seeking a motivated and talented PHP Developer to join our growing team. As a PHP Developer, you will have the opportunity to work on exciting web development projects, collaborating with a team of experienced developers. This is a great opportunity for someone who is passionate about PHP development and wants to expand their skills in a supportive and challenging environment.
Responsibilities:
- Collaborate with the development team to design, develop, and maintain PHP-based web applications
- Write clean and efficient code, following best practices and coding standards
- Troubleshoot and debug issues that arise during the development process
- Coordinate with co-developers and keeps project manager well informed of the status of development effort and serves as liaison between development staff and project manager
- Stay up-to-date with emerging technologies and trends in PHP development
Requirements:
- Bachelor's degree in Computer Science or a related field (or equivalent work experience)
- Solid understanding of PHP programming language and its frameworks (e.g., Laravel, CodeIgniter)
- Experience with front-end technologies such as HTML, CSS, and JavaScript - Familiarity with relational databases and SQL
- Strong problem-solving and analytical skills
- Excellent communication and teamwork abilities
- Ability to work in a fast-paced environment and handle multiple projects simultaneously
- Self-motivated and eager to learn and grow as a developer
Preferred Qualifications:
- Experience with version control systems (e.g., Git)
- Knowledge of RESTful APIs and integration
- Familiarity with Agile development methodologies
- Understanding of cross-browser compatibility and responsive web design
Job Type: Full-time
Pay: ₹400,000.00 - ₹1,000,000.00 per year
Benefits:
Health insurance
Paid sick time
Provident Fund
Schedule:
Day shift
Monday to Friday
Ability to commute/relocate:
Vastrapur, Ahmedabad, Gujarat: Reliably commute or planning to relocate before starting work (Required)
Application Question(s):
Will you be available for an in-person interview in our Ahmedabad office?
Education:
Bachelor's (Preferred)
Experience:
PHP: 3 years (Required)
Work Location: In person"
Php Developer,"Ahmedabad, Gujarat",Cogent Commerce,https://in.indeed.com/cmp/Cogent-Commerce?campaignid=mobvjcmp&from=mobviewjob&tk=1i50h88n32i67000&fromjk=11a9f2d16ea1ef42,Fresher,"Position
: 3
Experience
: 0 to 1 Year Fresher or Experience
Requirements:
0-1 Years of Experience
Education : B.E/B.Tech/MCA/BCA/ MSC-IT
Candidate must have basic knowledge of Core PHP and MVC / Object Oriented Programming.
Basic knowledge of developing and maintaining Data Base in MySQL (PHPMYADMIN).
Basic Knowledge of HTML, HTML 5, CSS, CSS3
Excellent coding skills basic communication and analytical skills.
Sound knowledge of JavaScript, Jquery, JSON, Ajax, Bootstrap
Knowledge of any Open source WordPress, Magento 1x 2x would be advanctage.
Strong Technical & Research Skills.
Should be motivated self starter and a very good team player."
Laravel Developer,"Ahmedabad, Gujarat",Neosoft Technologies,https://in.indeed.com/cmp/Winapps-Software-Solutions-Pvt.ltd-2?campaignid=mobvjcmp&from=mobviewjob&tk=1i50h89spj6ve806&fromjk=8248860e4dc42a26,"₹5,00,000 - ₹10,00,000 a year","Position:
Laravel Developer
Location:
Ahmedabad (On-Site)
Experience:
4-5 Years
Availability:
Immediate
CTC:
10 LPA
About Us:
NeoSoft Technologies is a dynamic and innovative tech company dedicated to creating cutting-edge web applications. We are seeking a skilled Laravel Developer to join our team in Ahmedabad. If you are passionate about web development and have a strong background in both backend and frontend technologies, we want to hear from you!
Key Responsibilities:
Web Development:
Develop, test, and maintain dynamic web applications using Laravel and PHP.
Frontend Integration:
Integrate front-end components with server-side logic to create seamless user experiences using jQuery.
Database Management:
Design and manage MySQL databases to ensure optimal performance and scalability.
API Integration:
Implement and integrate third-party APIs and web services.
Code Optimization:
Write clean, well-documented, and efficient code following best practices.
Collaboration:
Work closely with other developers, designers, and stakeholders to meet project specifications and deadlines.
Debugging:
Identify, troubleshoot, and resolve issues and bugs in a timely manner.
Client Interaction:
Communicate with clients to understand their requirements and provide updates on project progress.
Documentation:
Maintain comprehensive documentation of code, processes, and methodologies.
Security:
Implement security measures to protect applications and data from potential threats.
Mandatory Skills & Knowledge:
Laravel Proficiency:
Minimum 4-5 years of hands-on experience in Laravel development.
PHP Expertise:
Strong experience with PHP for backend development.
Frontend Technologies:
Proficiency in jQuery for front-end development.
Database Management:
Strong experience with MySQL, including database design, optimization, and management.
Version Control:
Hands-on experience with version control tools like Git.
Problem-Solving:
Strong analytical and problem-solving skills.
Communication:
Excellent written and verbal communication skills.
Desirable Skills:
RESTful APIs:
Experience in designing and integrating RESTful APIs.
Linux Proficiency:
Experience with Linux-based environments and server management.
Agile Methodology:
Familiarity with Agile development methodologies.
Cloud Services:
Basic knowledge of cloud services such as AWS, Azure, or Google Cloud Platform.
Educational Qualifications:
Degrees:
B.E/B.Tech/MCA/BCA/M.Sc-IT or equivalent practical experience.
Why Join Us?
Innovative Projects:
Work on cutting-edge projects that challenge you.
Professional Growth:
Opportunities for continuous learning and career advancement.
Collaborative Environment:
Join a team that values creativity, excellence, and innovation.
Flexible Work Culture:
Enjoy a flexible work environment with a focus on work-life balance.
How to Apply:
If you are ready to take on a new challenge and grow your career with us, apply now!
Email: dimple.patel@neosofttech.com
Contact: 8104137824
Job Types: Full-time, Permanent
Pay: ₹500,000.00 - ₹1,000,000.00 per year
Benefits:
Commuter assistance
Flexible schedule
Health insurance
Internet reimbursement
Leave encashment
Life insurance
Paid sick time
Paid time off
Provident Fund
Schedule:
Day shift
Monday to Friday
Supplemental Pay:
Performance bonus
Quarterly bonus
Yearly bonus
Education:
Bachelor's (Preferred)
Experience:
total work: 4 years (Required)
software development: 4 years (Required)
Laravel: 4 years (Required)
Work Location: In person"
Jr. PHP Developer,"Satellite, Ahmedabad, Gujarat",TechnoBrains Business Solutions LLP,https://in.indeed.com/cmp/Technobrain-IT-Solution-Pvt-Ltd?campaignid=mobvjcmp&from=mobviewjob&tk=1i50h8b8tjbrd801&fromjk=ab31f0b98bef4937,"₹20,000 - ₹40,000 a month","Role Description
This is a full-time on-site role for a PHP Developer. The PHP Developer will be responsible for back-end and front-end web development, programming, web design, and other web development tasks as assigned by the team lead.
Experience: 1 to 3 Years
Location: Satellite, Ahmedabad (WFO)
Job Description:
-Proficiency in Core PHP, Laravel, React.js, WordPress and Python.
-Strong experience in developing and maintaining web applications.
-Capable of working on both frontend and backend development.
-Familiarity with databases (e.g., MySQL, MongoDB) and RESTful APIs.
-Strong problem-solving skills and the ability to work independently or as part of a team.
-Excellent communication skills and the ability to collaborate effectively with cross-functional teams.
Job Type: Permanent
Pay: ₹20,000.00 - ₹40,000.00 per month
Location Type:
In-person
Schedule:
Day shift
Education:
Bachelor's (Preferred)
Experience:
Laravel: 1 year (Preferred)
Python: 1 year (Preferred)
Work Location: In person"
Jr. PHP Developer (Frontend & Backend Skills),"Makarba, Ahmedabad, Gujarat",Regur Technology Solutions,https://in.indeed.com/cmp/Regur-Technology-Solutions-1?campaignid=mobvjcmp&from=mobviewjob&tk=1i50h8cgl2i6701b&fromjk=8a38f42b71b24b4d,"₹20,000 - ₹30,000 a month","Jr. PHP Developer (Frontend & Backend Skills)
We are looking for someone with excellent command of both frontend and backend technologies, including PHP, HTML/HTML5, CSS, JavaScript, and advanced JavaScript frameworks like jQuery.
What We Are Looking For:
Frontend Responsibilities:
1. Develop complex front-end logic in JavaScript (core/native JavaScript and frameworks) for data scraping and widget development.
2. Develop responsive HTML layouts and widgets compatible with different desktop and mobile browsers.
3. Develop logic to scrape and cleanse data from various parts of webpages on target websites in a reliable way using JavaScript.
4. Debug, troubleshoot, and maintain existing websites and implement changes as per customer feedback and requirements.
5. Stay familiar with and updated on recent developments in JavaScript and its frameworks.
Backend Responsibilities:
1. Develop websites and web applications using PHP, MySQL, Apache, HTML, CSS frameworks, and JavaScript.
2. Develop websites and web applications using PHP, MVC frameworks, and related open-source technologies like WordPress.
3. Have an in-depth understanding of the PHP Laravel Framework. Development skills and experience in the Laravel Framework are a big plus.
4. Understand client feedback and provide appropriate resolutions through clear interaction.
5. Involve in the deployment of applications on staging and possibly live servers.
6. Report to your manager about daily work schedules, plans, and milestones.
Desired Profile:
1. Must have at least 1 to 2 years of development experience in HTML/CSS & JavaScript on a complex website/frontend project, as well as PHP & web development.
2. Must be able to perform all of the above with minimal guidance after initial training and induction.
3. Must have strong knowledge of and work experience in both backend and frontend development, particularly on challenging projects.
4. Must possess strong analytical, logical, and problem-solving skills.
5. Must enjoy working on challenging jobs/assignments and going the extra mile in projects to keep clients happy.
6. Must have a decent level of communication skills and be able to communicate with clients on a daily basis with proper reporting.
What You Get:
1. Excellent compensation package.
2. Attractive bonus for best performance.
3. A challenging work environment.
4. Opportunity to work on new technologies.
5. A sense of personal achievement and growth.
6. Excellent, peaceful, friendly, and calm work environment.
7. Freedom to try out new things and take charge of projects.
Job Location:
Ahmedabad, Gujarat. Must be willing to relocate to Ahmedabad.
Industry:
Computer Software and Information Technology and Services.
Employment Type:
Full-time
Job Function:
Development, Engineering, Information Technology
Job Type: Full-time
Pay: ₹20,000.00 - ₹30,000.00 per month
Schedule:
Day shift
Supplemental Pay:
Yearly bonus
Education:
Bachelor's (Preferred)
Experience:
PHP: 1 year (Preferred)
Front-end development: 1 year (Preferred)
software development: 1 year (Preferred)
Work Location: In person
Application Deadline: 20/08/2024
Expected Start Date: 02/08/2024"
Web Developer,"Ahmedabad, Gujarat",Accenture,https://in.indeed.com/cmp/Accenture?campaignid=mobvjcmp&from=mobviewjob&tk=1i50h8dqojhr8800&fromjk=3cac6fe3dd2fb07e,Full-time,"Project Role :
Web Developer
Project Role Description :
Design, build and test web-based applications and edit site content for various components using content management system (CMS). Create and manage web pages, add/edit content and upload/remove documents using CMS. Maintain website standards and comply with predefined design guidelines. Utilize best practices in web screen design and learn about different middleware platforms to source and update data through web screens as specified in functional requirements.
Must have skills :
React.js
Good to have skills :
Node.js
Minimum
5
year(s) of experience is required
Educational Qualification :
15 years of full time education
Summary: As a Web Developer, you will be responsible for designing, building, and testing web-based applications using React.js. Your typical day will involve creating and managing web pages, adding/editing content, and uploading/removing documents using a content management system (CMS). You will also be expected to maintain website standards and comply with predefined design guidelines while utilizing best practices in web screen design. Roles & Responsibilities: 1. Design, build, and test web-based applications using React.js. 2. Create and manage web pages, add/edit content, and upload/remove documents using a content management system (CMS). 3. Maintain website standards and comply with predefined design guidelines. 4. Utilize best practices in web screen design and learn about different middleware platforms to source and update data through web screens as specified in functional requirements. Professional & Technical Skills: 1. Must Have Skills: Proficiency in React.js. 2. Good To Have Skills: Experience with Node.js. 3. Strong understanding of web screen design and development. 4. Experience with content management systems (CMS). 5. Experience with testing and debugging web-based applications. 6. Knowledge of middleware platforms and their integration with web screens. Additional Information: 1. The candidate should have a minimum of 5 years of experience in React.js. 2. The ideal candidate will possess a strong educational background in computer science or a related field, along with a proven track record of delivering impactful web-based solutions. 3. This position is based at our Mumbai office.
15 years of full time education"
PHP Developer (Laravel+Vuejs),"Ahmedabad, Gujarat",Space-O InfoWeb,https://in.indeed.com/cmp/Space--o-Technologies?campaignid=mobvjcmp&from=mobviewjob&tk=1i50h8f65jbrd800&fromjk=65c6fd76eb18e46c,Full-time,"Experience: 2 to 4 Years
Job Type: Full-time
Location: Ahmedabad
Posted: August 8, 2024
Job Description
As a Laravel and Vue.js Developer, you will be responsible for developing and maintaining web applications using Laravel (PHP) and Vue.js (JavaScript). You will work closely with our team of, designers, and other developers to deliver high-quality, scalable solutions that meet our business needs.
Required Qualifications
Proven experience with Laravel (PHP) and Vue.js (JavaScript) frameworks.
Strong understanding of front-end technologies (HTML, CSS, JavaScript) and responsive design principles.
Experience with database management systems (e.g., MySQL, PostgreSQL).
Familiarity with version control systems (e.g., Git).
Knowledge of RESTful API design and development.
Ability to work independently as well as collaboratively in a team environment.
Excellent problem-solving skills and attention to detail.
Strong communication skills, both written and verbal.
Bachelor’s degree in Computer Science, Engineering, or a related field (or equivalent work experience).
Roles and Responsibilities
Develop and maintain web applications using Laravel and Vue.js.
Collaborate with front-end and back-end developers to integrate user-facing elements with server-side logic.
Design and implement RESTful APIs and services.
Write clean, maintainable, and efficient code following best practices and coding standards.
Troubleshoot, debug, and optimize applications for performance and scalability.
Participate in code reviews, testing, and deployment processes.
Communicate effectively with team members and stakeholders to understand requirements and provide technical solutions."
PHP DEVELOPER,"Ahmedabad, Gujarat",Dasinfomedia,https://in.indeed.com/cmp/Das-Infomedia?campaignid=mobvjcmp&from=mobviewjob&tk=1i50h8gsfkdrm856&fromjk=af5a8eee7d29c5a5,Fresher,"Location :
Ahmedabad
Industry :
IT
Description :
Dasinfomedia is a leading IT company located in Ahmedabad and US based. We are urgently seeking to fill the key position of PHP developer.
Ideal candidates for this position should possess one or all of the expertise below:
Skill required in PHP, CakePhp,Codeigniter,Laravel, WordPress,Opencart.
CSS experience preferred.
JQuery, JavaScript, AJAX, HTML, XML experience highly preferred.
Good understanding of database technologies and SQL optimization.
Should have good communication skill.
Education Requirements :
Only BE, MSC IT and MCA Fresher/graduates should Apply
Experience Requirements :
Fresher
Qualification :
Ability to work in a team environment with members of varying skill levels.
Highly Motivated
Learns Quickly
Incentives :
Performance-based annual bonus plan, project-completion bonuses
If interested in this position, please email us your resume to Email:
hr1@dasinfomedia.com"
Senior PHP Developer,"Ahmedabad, Gujarat",Innovantum Labs Private Limited,https://in.indeed.com/cmp/Innovantum-Labs-Private-Limited?campaignid=mobvjcmp&from=mobviewjob&tk=1i50h8i48jhqp800&fromjk=5c6c24bbeb531c1a,"₹45,177.08 - ₹80,108.08 a month","We are seeking a skilled PHP Codeigniter Developer with deep knowledge of PHP, Codeigniter, MySQL, and JavaScript. As a PHP Developer, you will play a key role in the development and maintenance of our Software as a Service (SaaS) products. The ideal candidate will have a minimum of 3 years of experience in software development and a strong understanding of PHP and Codeigniter.
Key Responsibilities:
New Module Development:
Develop new features and modules for our SaaS products based on project requirements.
Legacy Support and Bug Fixes:
Provide support for existing modules, troubleshoot issues, and apply bug fixes as required.
Re-development or Rewriting Modules:
Evaluate and redevelop or rewrite modules to enhance performance, scalability, or to incorporate new technologies.
Database Optimization:
Optimize MySQL queries and database performance for improved efficiency.
Node.js/React.js Experience (Optional):
Experience with Node.js and React.js applications is a valuable addition.
Qualifications:
Minimum of 4-8 years of professional software development experience.
Proficiency in PHP, Codeigniter, MySQL, and JavaScript.
Strong knowledge of web development concepts and technologies.
Experience in SaaS product development and maintenance.
Ability to work collaboratively in a team environment.
Strong problem-solving skills and attention to detail.
Experience in Node.js is a plus and will be given priority.
Familiarity with frontend technologies like HTML, CSS, and JavaScript libraries is a bonus.
What We Offer:
Competitive hourly rate based on skills and experience.
Opportunities for professional growth and development.
Collaborative and innovative work environment.
Involvement in challenging and exciting projects.
If you are a dedicated PHP Codeigniter Developer with a passion for creating high-quality software solutions, we encourage you to apply. Join our team and be part of a dynamic company that values your expertise and offers room for career advancement.
Job Type: Full-time
Pay: ₹45,177.08 - ₹80,108.08 per month
Benefits:
Flexible schedule
Paid sick time
Paid time off
Work from home
Schedule:
Day shift
Monday to Friday
Supplemental Pay:
Performance bonus
Yearly bonus
Experience:
Codeigniter: 6 years (Required)
Work Location: In person
Expected Start Date: 20/05/2024"
PHP(MVC/CI/LARAVEL) DEVELOPER,"Gandhinagar, Gujarat",Anthesis Technologies,https://in.indeed.com/cmp/Anthesis-Technologies?campaignid=mobvjcmp&from=mobviewjob&tk=1i50h900jk1cm800&fromjk=93bec3de26a809bf,"₹45,177.08 - ₹80,108.08 a month","Leading with purpose
Leading withThrough the application of innovation and our contextual knowledge, we give associates the opportunity to deliver transformative outcomes that benefit society at large and prove that anything is possible. purpose
Anthesis Technologies
its people freedom at work, unmatched leadership & the opportunity to grow along with the organization. The work environment is filled with opportunities for challenging, interesting & motivating assignments that add value to an employee’s professional skill sets & bring a sense of fulfillment. Working at
Anthesis Technologies
your diversity in work and career. We trust and care for our people, who are the foundation of our business, empowering them to take responsibilities. At each level in your career, we offer you learning and leadership opportunities which would allow you to contribute towards our business growth.
To apply for Job, kindly send us your CV at
hr@anthesis.in
Skill Required:
English communication skills (must), Basic Knowledge of Technology
Education Qualification:
B.C.A, M.C.A., B.Tech Computer, B.Tech IT, Diploma IT/Computer."
Python Developer/ Web Scraper,"Gota, Ahmedabad, Gujarat",HIR INFOTECH,https://in.indeed.com/cmp/Hir-Infotech?campaignid=mobvjcmp&from=mobviewjob&tk=1i50h91b6kdru807&fromjk=033be6b5d36eae68,"₹45,177.08 - ₹80,108.08 a month","Number of openings : 03
Experience : 1 to 2 Years
Qualification : BE.IT/CS, MCA, MSC (IT)
Salary Range : As per Industry Standard
Job Responsibilities:
Develop and maintain web scraping scripts using Python and Selenium to extract data from websites and APIs
Understanding requirement of customer needs, identify source and scrape/collect data and integrate the data crawled and scraped into our databases.
Writing efficient, reusable, testable, and testing scalable code.
Build code that is easily readable, properly documented, and follows key coding standards.
Use Beautiful Soup and other scraping tools to clean and process data for analysis
Research and learn new technologies to design code reviews and application enhancements/ upgrades
Performance tuning and automation of application.
Maintain communication with corporate clients, Coordination with team and management.
Coordinating with development teams to determine application requirements.
Prioritized daily workflows, including all projects and task
Experience:
Proficiency with Selenium and Beautiful Soup
Depth knowledge of Data Structures, Operators, Datatypes, Casting, Methods, Conditions, Loops, Functions, Arrays, OOPS concept, iterators, Modules and MySQL integration with Python
Strong understanding of web scraping techniques and best practices
HTML, CSS, XPATH, Regex and HTML DOM.
Knowledge of Libraries like Selenium, Requests, Scrappy, BeautifulSoup, NumPy, Pandas, Matplotlib, SciPy, TensorFlow, Keras, PyTorch, Plotly and Tableau.
Good hands-on experience in Python languages and debugging with GDB
Database & File Format: SQL, MySQL, Mongo dB, JSON, XML, Excel, CSV
Development Tools: Microsoft Visual Studio, Visual Code, PyCharm, Power bi
Knowledge of Rest API will be added as plus point"
Laravel Developer,"Memnagar, Ahmedabad, Gujarat",Dinjan Group,https://in.indeed.com/cmp/Dinjan-Infotech?campaignid=mobvjcmp&from=mobviewjob&tk=1i50h92gjj6ve80k&fromjk=16ef33dbab1c9ae9,"₹40,000 - ₹45,000 a month","Designation : Laravel Developer
Company : Dinjan Infotech Pvt Ltd - Ahmedabad
Timings : 9:30 to 6:30 Full Time (On-Site)
Required Skills:
-> Expertise in PHP and object-oriented programming concepts.
-> Proficiency in Laravel, including MVC architecture, Eloquent ORM, Routing and middleware, and Blade templating.
-> Strong understanding of HTML/CSS/JavaScript/jQuery.
-> Experience in database management, particularly with MySQL or other relational databases.
-> Familiarity with authentication processes and version control systems (e.g., Git).
-> Preference for candidates from Ahmedabad or nearby locations.
Key Responsibilities:
->Develop, maintain, and enhance web applications using the Laravel framework.
-> Collaborate with front-end developers and designers to seamlessly integrate user-facing elements with server-side logic.
-> Design and implement robust database structures and queries.
-> Write clean, well-documented, and efficient code that adheres to industry best practices.
-> Troubleshoot, debug, and resolve issues within existing applications.
-> Participate in code reviews, offering and receiving constructive feedback.
-> Stay updated with the latest Laravel updates, best practices, and emerging trends in the industry.
-> Work closely with the team to ensure project deadlines and milestones are met.
Requirements:
-> Bachelor’s degree in Computer Science, Engineering, or a related field.
-> 3 years of experience as a Laravel Developer or in a similar role.
-> Strong problem-solving and analytical skills.
-> Ability to work both independently and collaboratively within a team environment.
Job Types: Full-time, Permanent
Pay: ₹40,000.00 - ₹45,000.00 per month
Benefits:
Paid sick time
Paid time off
Schedule:
Day shift
Morning shift
Ability to commute/relocate:
Memnagar, Ahmedabad, Gujarat: Reliably commute or planning to relocate before starting work (Preferred)
Education:
Bachelor's (Preferred)
Experience:
Laravel: 3 years (Preferred)
Work Location: In person"
php/laravel Developer,"Ahmedabad, Gujarat",Apollo Infotech,https://in.indeed.com/cmp/Apollo-Infotech-2?campaignid=mobvjcmp&from=mobviewjob&tk=1i50h93mhiaim800&fromjk=a34a153fe98ae55d,"₹40,000 - ₹45,000 a month","Hello There!
If you possess the qualities of being a change-maker, a team player, and an impactful contributor, we extend a warm welcome to you. Our mission is to foster the creation of exceptional work and cultivate a balanced and positive partnership between our company and clients.
What we look for in you
Competence
Reliability
Adaptability
Strong Work Ethic
Effective
Communication"
PHP Intern,"Nikol, Ahmedabad, Gujarat",Evoort Solutions,https://in.indeed.com/cmp/Evoort-Solutions?campaignid=mobvjcmp&from=mobviewjob&tk=1i50h94qmic1r83a&fromjk=14c6a1cbfd5d71d7,Full-time,"Job Description
We are looking for a motivated and enthusiastic PHP Intern to join our development team. As a PHP Intern at Evoort Solutions, you will have the opportunity to gain hands-on experience and contribute to real-world projects. You will work closely with our experienced developers and learn valuable skills in PHP web development.
Responsibilities:
Writing and updating server-side web application logic
Assist in the development and maintenance of back-end systems for web applications
Write reusable, efficient, and testable PHP code
Provide regular feedback to other team members for better collaboration
Own various design tasks involved in the web development life cycle from start to finish
Requirements and Skills:
Candidates should have a basic understanding of front-end technologies, such as JavaScript, HTML5, and CSS3
Must have a good working knowledge of object-oriented programming
Must have a good Knowledge of PHP (Laravel/Magento - Preferred)
Knowledge of REST API development is a plus
Knowledge of SQL databases such as MySQL is a plus
Experience with code versioning tools, such as Git, is a plus
Excellent problem-solving and analytical skills
Good oral and written communication skills
Education:
Candidates must be enrolled in a Bachelor's/College Degree in Computer Science/Information Technology or equivalent.
Perks and Benefits:
Internship Certificate
Letter of Recommendation
Placement Offer
Stipend
Positions
2
Work Experience
Fresher
Job Type
Full time
Location
Nikol, Ahmedabad"
Jr. PHP Developer (Frontend & Backend Skills),"Makarba, Ahmedabad, Gujarat",Regur Technology Solutions,https://in.indeed.com/cmp/Regur-Technology-Solutions-1?campaignid=mobvjcmp&from=mobviewjob&tk=1i50h965f2crh006&fromjk=8a38f42b71b24b4d,"₹20,000 - ₹30,000 a month","Jr. PHP Developer (Frontend & Backend Skills)
We are looking for someone with excellent command of both frontend and backend technologies, including PHP, HTML/HTML5, CSS, JavaScript, and advanced JavaScript frameworks like jQuery.
What We Are Looking For:
Frontend Responsibilities:
1. Develop complex front-end logic in JavaScript (core/native JavaScript and frameworks) for data scraping and widget development.
2. Develop responsive HTML layouts and widgets compatible with different desktop and mobile browsers.
3. Develop logic to scrape and cleanse data from various parts of webpages on target websites in a reliable way using JavaScript.
4. Debug, troubleshoot, and maintain existing websites and implement changes as per customer feedback and requirements.
5. Stay familiar with and updated on recent developments in JavaScript and its frameworks.
Backend Responsibilities:
1. Develop websites and web applications using PHP, MySQL, Apache, HTML, CSS frameworks, and JavaScript.
2. Develop websites and web applications using PHP, MVC frameworks, and related open-source technologies like WordPress.
3. Have an in-depth understanding of the PHP Laravel Framework. Development skills and experience in the Laravel Framework are a big plus.
4. Understand client feedback and provide appropriate resolutions through clear interaction.
5. Involve in the deployment of applications on staging and possibly live servers.
6. Report to your manager about daily work schedules, plans, and milestones.
Desired Profile:
1. Must have at least 1 to 2 years of development experience in HTML/CSS & JavaScript on a complex website/frontend project, as well as PHP & web development.
2. Must be able to perform all of the above with minimal guidance after initial training and induction.
3. Must have strong knowledge of and work experience in both backend and frontend development, particularly on challenging projects.
4. Must possess strong analytical, logical, and problem-solving skills.
5. Must enjoy working on challenging jobs/assignments and going the extra mile in projects to keep clients happy.
6. Must have a decent level of communication skills and be able to communicate with clients on a daily basis with proper reporting.
What You Get:
1. Excellent compensation package.
2. Attractive bonus for best performance.
3. A challenging work environment.
4. Opportunity to work on new technologies.
5. A sense of personal achievement and growth.
6. Excellent, peaceful, friendly, and calm work environment.
7. Freedom to try out new things and take charge of projects.
Job Location:
Ahmedabad, Gujarat. Must be willing to relocate to Ahmedabad.
Industry:
Computer Software and Information Technology and Services.
Employment Type:
Full-time
Job Function:
Development, Engineering, Information Technology
Job Type: Full-time
Pay: ₹20,000.00 - ₹30,000.00 per month
Schedule:
Day shift
Supplemental Pay:
Yearly bonus
Education:
Bachelor's (Preferred)
Experience:
PHP: 1 year (Preferred)
Front-end development: 1 year (Preferred)
software development: 1 year (Preferred)
Work Location: In person
Application Deadline: 20/08/2024
Expected Start Date: 02/08/2024"
PHP Developer (Laravel+Vuejs),"Ahmedabad, Gujarat",Space-O InfoWeb,https://in.indeed.com/cmp/Space--o-Technologies?campaignid=mobvjcmp&from=mobviewjob&tk=1i50h9787iaim80d&fromjk=65c6fd76eb18e46c,Full-time,"Experience: 2 to 4 Years
Job Type: Full-time
Location: Ahmedabad
Posted: August 8, 2024
Job Description
As a Laravel and Vue.js Developer, you will be responsible for developing and maintaining web applications using Laravel (PHP) and Vue.js (JavaScript). You will work closely with our team of, designers, and other developers to deliver high-quality, scalable solutions that meet our business needs.
Required Qualifications
Proven experience with Laravel (PHP) and Vue.js (JavaScript) frameworks.
Strong understanding of front-end technologies (HTML, CSS, JavaScript) and responsive design principles.
Experience with database management systems (e.g., MySQL, PostgreSQL).
Familiarity with version control systems (e.g., Git).
Knowledge of RESTful API design and development.
Ability to work independently as well as collaboratively in a team environment.
Excellent problem-solving skills and attention to detail.
Strong communication skills, both written and verbal.
Bachelor’s degree in Computer Science, Engineering, or a related field (or equivalent work experience).
Roles and Responsibilities
Develop and maintain web applications using Laravel and Vue.js.
Collaborate with front-end and back-end developers to integrate user-facing elements with server-side logic.
Design and implement RESTful APIs and services.
Write clean, maintainable, and efficient code following best practices and coding standards.
Troubleshoot, debug, and optimize applications for performance and scalability.
Participate in code reviews, testing, and deployment processes.
Communicate effectively with team members and stakeholders to understand requirements and provide technical solutions."
PHP Developer Trainee Internship,"Ahmedabad, Gujarat",BM Coder Technologies,https://in.indeed.com/cmp/Bm-Coder-Technologies?campaignid=mobvjcmp&from=mobviewjob&tk=1i50h988l2i67000&fromjk=da8a0c26b8ea89ed,"₹5,000 - ₹10,000 a month","Candidates who have done BCA, MCA, BE, B.Tech can apply.
Internship / Training will be given by the company.
Should have basic knowledge of PHP.
The candidate should be hardworking and should be able to work in a team.
Training will be given in php
Training will be given in Advance PHP
Training will be given in Mysql Database
Training will be given in
PHP
and
Laravel
Framework
Note:
FREE training
, we do not charge any amount from candidates.
Job Types: Full-time, Part-time, Fresher, Internship
Contract length: 6 months
Pay: ₹5,000.00 - ₹10,000.00 per month
Expected hours: 40 per week
Location Type:
In-person
Schedule:
Day shift
Monday to Friday
Education:
Bachelor's (Preferred)
Experience:
PHP: 1 year (Preferred)
total work: 1 year (Preferred)
software development: 1 year (Preferred)
License/Certification:
PHP (Preferred)
Work Location: In person"
Software Developers,"Ahmedabad, Gujarat",Electrocom Software,https://in.indeed.com/cmp/Electrocom-Software?campaignid=mobvjcmp&from=mobviewjob&tk=1i50h99sfkhf4800&fromjk=54fb3217a6e363f5,Fresher,"Job Location : Ahmedabad
Qualification : B.E, M.C.A , Graduates
Experience : Freshers can apply
Job Profile :
Development of software
Skills :
ASP.NET
VB.NET
JAVA
PHP / Laravel
Web Developer, Android, iOS Application developers Submit your CV at info@electrocom.in"
PHP Intern,"Nikol, Ahmedabad, Gujarat",Coreway Solution,https://in.indeed.com/cmp/Coreway-Solution?campaignid=mobvjcmp&from=mobviewjob&tk=1i50h9asfiaim80c&fromjk=eee4fd89e319c90f,"Up to ₹12,000 a month","Responsibilities:
Assist in the development, testing, and maintenance of web applications using PHP.
Collaborate with senior developers and team members on various projects.
Write clean, well-documented, and efficient code.
Participate in code reviews and contribute to the team’s knowledge base.
Troubleshoot and debug issues as they arise.
Stay updated with the latest industry trends and technologies.
Requirements:
Basic understanding of PHP and web development principles.
Familiarity with HTML, CSS, JavaScript, and MySQL.
Eagerness to learn and adapt to new technologies and frameworks.
Strong problem-solving skills and attention to detail.
Good communication and teamwork abilities.
Prior experience with Laravel, Magento, or Shopify is a plus but not required.
What we looking for:
intern + fresher: there will be no payout for initial 3 month and consider as intern and as per performance salary will be up to 12k.
Job Types: Full-time, Fresher, Internship
Contract length: 12 months
Pay: Up to ₹12,000.00 per month
Benefits:
Flexible schedule
Schedule:
Day shift
Fixed shift
Monday to Friday
Supplemental Pay:
Yearly bonus
Location:
Nikol, Ahmedabad, Gujarat (Preferred)
Work Location: In person"
Laravel Developer,"Ahmedabad, Gujarat",Spellenx innovation,https://in.indeed.com/cmp/Spellenx-Innovation?campaignid=mobvjcmp&from=mobviewjob&tk=1i50h9c2pj6ve801&fromjk=d9f8af11fd1ea354,"₹15,000 - ₹25,000 a month","Skill required:)
Expert in writing clean, test-driven, easily maintainable, and modular code.
Having a good working knowledge of database design and maintenance.
Able to build reusable code and libraries for future use.
Having knowledge about troubleshooting and debugging applications is essential.
Should have great performance in UI or backend tests to optimize performance.
Capable of designing and developing web applications for the PHP platform (Laravel)
Preferred to collaborate with cross-functional teams to define, design, and ship new features.
Able to ensure the performance, quality, and responsiveness of web applications.
Having sound working knowledge of identifying and correcting bottlenecks and fixing bugs.
Able to work on bug fixing and improving application performance
Able to constantly discover, evaluate, and implement new technologies to maximize development efficiency.
Working Days:
Monday to Friday
Why are SpellenX Innovations important?
Working in a friendly environment
Team members who are helpful
Learning with flexible technology
Working with talented and intelligent young people
Work-life balance
Job Types: Full-time, Fresher
Pay: ₹15,000.00 - ₹25,000.00 per month
Schedule:
Monday to Friday
Education:
Bachelor's (Preferred)
Work Location: In person"
PHP Developer,"Ahmedabad, Gujarat",ConceptServe Technologies,https://in.indeed.com/cmp/Conceptserve-Technologies-1?campaignid=mobvjcmp&from=mobviewjob&tk=1i50h9eaoj6sh800&fromjk=28212d4be13b1009,Full-time,"Full time
ConceptServe Technologies is looking for a passionate and enthusiastic Fresher PHP Developer to join our team. As a PHP Developer, you will be responsible for developing and maintaining web applications using PHP and related technologies."
Web Developer Intern,"Satellite, Ahmedabad, Gujarat",Sapphire Infocom Pvt Ltd.,https://in.indeed.com/cmp/Sapphire-Infocom-Pvt-Ltd.?campaignid=mobvjcmp&from=mobviewjob&tk=1i50h9frj2crh002&fromjk=dd6dab0f9eb65b14,"From ₹5,000 a month","Job description
Web developer Intern
[
Location : Ahmedabad, Gujarat. ]
[ Intern / Fresher ]
URL : https://www.sapphireinfocom.com/sapphireinfocom_career.aspx
[ This profile is full time in office. Candidate intend to work at Ahmedabad location only can apply. ]
Position : Web Developer Intern / Fresher
Location : Ahmedabad
Skill Stack: asp.Net and SQL Server
Education : BE IT, of BE Computer Science or BCA/MCA
Willing to work on Domestic and USA based real time projects.
About :
Sapphire
is seeking motivated
candidates
to work with software developer group. This role is part of a professional, supportive in global team for a client location in USA providing excellent exposure to an international work environment.
Our clients are in enterprise domain in USA. The role will focus on Web development using cloud base technology. Theoretical knowledge of asp.net and SQL query writing are essential. Strong analytical and decision making skill is desired.
Successful candidates will believe in mission for a quality, precise attention, passionate learning new technology and be well organised with strong written and spoken communication skills.
What you will learn :
· Coding in C#, MERN architecture, React JS, Node JS, JSON, HTML, CSS along with SQL for Web application.
· IIS, project Sourcesafe knowledge
· Web API integrations, publishing of software projects on cloud servers
· SQL query writing, Java script, JQuery, JQuery UI
· Data structures, algorithms
· Cloud applications designing & knowledge of eco system
What knowledge - we expect from you :
· Knowledge of HTML, CSS
Excellent written and verbal communication skills
· Good Knowledge of C, C++ and OOPS concepts
· Code quality, test ability & reliability.
· Fair Knowledge of coding techniques
Job will sharpen your skills in :
asp .net
MVC Framework
C#
JSON
HTML
React JS
Node JS
SQL
Cloud applications
JavaScript
jQuery
JQuery UI
AJAX
Freshers / Students / Interns : [ If they want to apply ]
Only those students / interns or fresher can apply who:
Basic problem-solving skills.
are available for the full time work
Ready to work on USA based real time projects and EST timezones
have relevant skills and interests
are available for duration for minimum 6 months
have already graduated or are currently in any year of study
Females willing to start/restart their career may also apply
COVID-19 considerations:
Both dose of vaccination is must.
Work Remotely
No
Job Types: Full-time, Permanent
Pay: From ₹5,000.00 per month
Benefits:
Food provided
Leave encashment
Schedule:
Day shift
Supplemental Pay:
Performance bonus
Yearly bonus
Education:
Bachelor's (Preferred)
Experience:
HTML5: 1 year (Preferred)"
Fresher Php Developer,"Ahmedabad, Gujarat",Pixlogix Infotech,https://in.indeed.com/cmp/Pixlogix-Infotech?campaignid=mobvjcmp&from=mobviewjob&tk=1i50h9gtokhem806&fromjk=0b7e77e934020904,Full-time,"We’re looking for enthusiastic freshers to join our team as PHP Developers.
Experience:
Fresher
Job Type:
Full-Time
Location:
Ahmedabad
Openings:
1
Job Description
If you have basic knowledge & skills of PHP Development, we will provide you with systematic training.
Minimum Qualifications
BE, ME, MCA or MSC (IT)
Roles and Responsibilities
Strong Knowledge of Core PHP Concepts
Basic knowledge of PHP Framework
Basic knowledge of PHP based CMS (WordPress, Magento)
Flexible to work on any PHP frameworks or CMS
Good Understanding of AJAX
Good knowledge of front-end technologies, such as jQuery, javascript, HTML5, and CSS3, Angular JS
Proficiency with MySQL
Knowledge of object oriented PHP programming
Self Learn and career oriented
Enthusiastic, energetic, detail oriented, and self-Motivated
Should be good at team work
Good Communication
Understanding of client requirement"
PHP (Laravel) Developer,"Ahmedabad, Gujarat",Wama Software,https://in.indeed.com/cmp/Wama-Software-1?campaignid=mobvjcmp&from=mobviewjob&tk=1i50h9i4ck1cm806&fromjk=2e718d5848ce6490,Fresher,"Years of Experience:
Fresher to 6 Years
No. of Position:
4
Laravel Development: Design, develop, and maintain web applications using the Laravel framework, ensuring high performance, responsiveness, and security.
Database Management: Create and optimize database schemas, write efficient and well-documented SQL queries, and work with ORMs (Object-Relational Mapping) when necessary.
API Development: Build RESTful APIs and integrate third-party APIs into web applications as needed.
Code Review: Participate in code reviews to maintain code quality and ensure compliance with coding standards.
Bug Fixing: Identify and resolve software defects and issues in a timely manner.
Performance Optimization: Optimize application performance and scalability by implementing caching, code profiling, and other techniques.
Collaboration: Collaborate with front-end developers, UI/UX designers, and product managers to deliver high-quality, user-friendly solutions.
Version Control: Use version control systems (e.g., Git) to manage codebase and collaborate with team members.
Documentation: Create and maintain project documentation, including code comments and technical documentation.
Apply Now
Share"
NODE JS DEVELOPER,"Ahmedabad, Gujarat",Dasinfomedia,https://in.indeed.com/cmp/Das-Infomedia?campaignid=mobvjcmp&from=mobviewjob&tk=1i50h9v0okhf4801&fromjk=41b649ec057f566f,Fresher,"Location :
Ahmedabad
Industry :
IT
Description :
Dasinfomedia is a leading IT company located in Ahmedabad and US based. We are urgently seeking to fill the key position of PHP developer.
Ideal candidates for this position should possess one or all of the expertise below:
Skill required in full stack developer experience in Node.JS and react js
Proficient knowledge of a backend programming language and an in-depth understanding of web development.
Strong with Node.js and Express framework.
Good understanding of server-side CSS pre-processors.
Proven experience creating user authentication and authorization between multiple systems servers, and environments.
Capability to integrate multiple data sources and databases into one system. MongoDB experience is must.
Ability to setup, administer of backups, data migration, transformation, and scripting.
Strong in developing API development and management.
Integration of third-party applications.
Education Requirements :
Only BE, MSC IT and MCA Fresher/graduates should Apply
Experience Requirements :
Fresher
Qualification :
Ability to work in a team environment with members of varying skill levels.
Highly Motivated
Learns Quickly
Incentives :
Performance-based annual bonus plan, project-completion bonuses
If interested in this position, please email us your resume to Email:
hr1@dasinfomedia.com"
PHP Laravel Developer,"Ellis Bridge, Ahmedabad, Gujarat",Hupp Technologies,https://in.indeed.com/cmp/Hupp-Technologies-3?campaignid=mobvjcmp&from=mobviewjob&tk=1i50ha0i4h30m800&fromjk=51151dcd25899c3f,"₹25,000 - ₹40,000 a month","Job Description :
1) Must have experince 2 to 3 year as PHP Developer.
2) Should have sound Experience in PHP
3) Knowledge on Laravel, core php, etc Framework.
4) Good Understanding of OOPS concepts.
5) Good Knowledge on JavaScript, HTML, CSS, MySQL, AJAX, JQuery etc.
Job Type: Full-time
Pay: ₹25,000.00 - ₹40,000.00 per month
Benefits:
Health insurance
Provident Fund
Schedule:
Day shift
Monday to Friday
Work Location: In person
Application Deadline: 31/08/2024"
Jr. Laravel Developer,"Navrangpura, Ahmedabad, Gujarat",Nyusoft Solutions LLP,https://in.indeed.com/cmp/Nyusoft-Solutions-LLP-3?campaignid=mobvjcmp&from=mobviewjob&tk=1i50ha2jpkhf4801&fromjk=14367f6eebd0414e,"₹30,000 - ₹40,000 a month","Job Title:
Jr. Laravel Developer
Job Summary:
We are looking for a motivated Junior Laravel Developer to join our dynamic team.
Position Type:
Full - Time
Experience Level:
2 – 3 Years
Qualifications
: Any Graduate
Job Summary
: We are looking for a talented and motivated Junior Laravel Developer to join our growing team. As a Junior Laravel Developer, you will be responsible for building robust and scalable web applications using the Laravel PHP framework.
Responsibilities
:
Develop and maintain RESTful APIs for seamless communication between frontend and backend systems.
Design and implement database schemas using MySQL, Postgres, or other relational databases.
Build modular and reusable components and libraries to streamline development processes.
Work with frontend developers to integrate backend functionality with Vue.js components.
Implement state management solutions to manage application data efficiently.
Skills
:
Proficient understanding of object-oriented programming (OOP) concepts.
Solid understanding of RESTful APIs and API design principles.
Familiarity with the Vue.js ecosystem, including Vuex for state management.
Experience working with version control systems, such as Git.
About Company
:
Nyusoft Solutions LLP is a Software development organization with a highly dynamic team of 50+ skilled Designers, Developers, Quality Analysts, Business Analysts and Project managers. At Nyusoft Solutions, we have set a benchmark in the minds of our customers for delivering quality solutions. We believe in breaking the stereotypes and constantly strive to deliver better quality with each delivery.
Currently, we have our team based in India, USA and Australia. We have served customers across the globe and we have a strong customer base in many countries including India, Australia, UK, USA, Ireland, Canada, Philippines, and others. We have worked on 500+ projects across industries. Our works speaks for itself, https://www.nyusoft.com/portfolio/
For more details:
www.nyusoft.com
Email:
hr@nyusoft.com
Contact:
9824253991
Job Types: Full-time, Permanent
Pay: ₹30,000.00 - ₹40,000.00 per month
Benefits:
Flexible schedule
Health insurance
Life insurance
Paid sick time
Paid time off
Provident Fund
Work from home
Location Type:
In-person
Schedule:
Day shift
Monday to Friday
Ability to commute/relocate:
Navrangpura, Ahmedabad, Gujarat: Reliably commute or planning to relocate before starting work (Preferred)
Experience:
total work: 1 year (Preferred)
Work Location: In person"
Web Developer,"Ahmedabad, Gujarat",Dweck Enterprise (Humbee Design Studio),https://in.indeed.com/cmp/Dweck-Enterprise?campaignid=mobvjcmp&from=mobviewjob&tk=1i50ha3jtkdqa800&fromjk=c07b0e7d4105f02e,"₹10,000 - ₹40,000 a month","We are seeking a highly skilled and creative Web Designer to join our team.
As a Web Designer, you will be responsible for designing, developing, and maintaining visually stunning, responsive websites that provide an excellent user experience. You will work closely with our team of developers and project managers to create websites that meet the needs of our clients and exceed their expectations.
Key Responsibilities:
Designing and developing visually stunning, responsive websites using HTML, CSS, and JavaScript.
Collaborating with project managers and developers to create websites that meet the needs of our clients.
Creating wireframes, mockups, and prototypes to communicate design ideas to stakeholders.
Optimizing websites for maximum speed, scalability, and accessibility.
Conducting usability testing to ensure an excellent user experience.
Staying up-to-date with emerging web design trends and technologies.
Qualifications:
A degree in web design, computer science, or a related field.
At least 3 years of experience in web design and development.
Strong proficiency in HTML, CSS, and JavaScript.
Experience with responsive design and mobile-first development.
Excellent understanding of web design principles and user experience.
Ability to create wireframes, mockups, and prototypes using design tools such as Sketch, Figma, or Adobe XD.
Excellent communication skills and ability to work in a team.
If you are a talented Web Designer with a passion for creating visually stunning and user-friendly websites, we would love to hear from you. Please submit your resume, portfolio, and a cover letter outlining your qualifications and experience.
Job Types: Full-time, Fresher, Internship
Pay: ₹10,000.00 - ₹40,000.00 per month
Schedule:
Day shift
Supplemental Pay:
Yearly bonus
Experience:
HTML5: 1 year (Preferred)
CSS: 1 year (Preferred)"
Hiring | PHP Developer | Ahmedabad,"Satellite, Ahmedabad, Gujarat",Parex Technologies,https://in.indeed.com/cmp/Parex-Technologies?campaignid=mobvjcmp&from=mobviewjob&tk=1i50ha4j8khdr800&fromjk=c6447509cb18bfc5,Full-time,"Experience Required: 2 to 6 Years
Location: Ahmedabad
Full time Work From Office
Ahmedabad based candidates can only apply.
Job Description:
Develop, record, and maintain cutting-edge web-based PHP applications for the company.
Build innovative, state-of-the-art applications and collaborate with the User Experience (UX) team
Ensure HTML, CSS, and shared JavaScript is valid and consistent across applications
Prepare and maintain all applications utilizing standard development tools
Utilize backend data services and contribute to increasing existing data services API
Lead the entire web application development life cycle right from concept stage to delivery and post-launch support
Convey effectively with all task progress, evaluations, suggestions, schedules along with technical and process issues
Document the development process, architecture, and standard components
Coordinate with co-developers and keeps project manager well informed of the status of development effort and serves as a liaison between development staff and project manager.
Interested candidates can share their Resumes on mita@parextech.com or can call on 8160543327
Job Type: Full-time
Schedule:
Day shift
Application Question(s):
Your Current Location ?
Education:
Master's (Preferred)
Experience:
PHP: 1 year (Preferred)
Work Location: In person"
PHP Developer (CorePHP and/or Codeigniter),"Satellite, Ahmedabad, Gujarat",Hidden Brains,https://in.indeed.com/cmp/Hidden-Brains?campaignid=mobvjcmp&from=mobviewjob&tk=1i50ha5k5khem800&fromjk=2d2ce27969feee89,Full-time,"1Years
Relevant Experience
3Years
Total Experience
FullTime
Job Type
5
No. of Openings
Strong experience on CorePHP, MVC Framewokrs (CI Preferred), MYSQL & Javascript skills.
Excellent communication and inter-personal skills.
Effective Client Communication on International Projects is most preferred.
Pro-active & responsible in approach.
Good Analytical and Problem Solving abilities.
Ability to work on Multiple Projects with multiple deadlines.
Responsibilities
Previous experience in development of high-end web applications in PHP, MYSQL and AJAX.
Strong understanding of W3C compliant HTML and CSS code.
Strong PHP skills, both in scripting and object orientation (OOPS).
Strong knowledge of MySQL databases, including their construction, stored procedures, triggers and performance management.
Good working knowledge on CORE PHP along with any of the MVC Frameworks like.
CodeIgniter, Cakephp, Zend, YII.
Solid Linux background (Ubuntu or CentOS preferred).
Working knowledge shopping cart development with shipping, and Payment Gateway.
Integration for E-commerce websites.
Should have excellent database design and implementation skills.
Strong knowledge of JavaScript and JavaScript frameworks, preferably jQuery.
Previous use of a version control system (Git or SVN).
Minimum Qualifications
BCA / B.E./ B.Tech / MCA / M.Tech / Equivalent
Preferred Qualifications
Certification in relevant technologies would be preferred."
Full Stack Developer,"Ahmedabad, Gujarat",ixceed solutions,https://in.indeed.com/cmp/Ixceed-Solutions?campaignid=mobvjcmp&from=mobviewjob&tk=1i50ha6mn2crh002&fromjk=993701fe2a7f7db4,"₹8,00,000 - ₹10,00,000 a year","Role: Full-stack developer
Location: Ahmedabad
Type: Onsite
Job Description:
Requirement
Minimum 3 years of experience in React.js development.
Proficiency in HTML, CSS, and modern CSS frameworks (Bootstrap, Foundation, or Tailwind CSS).
Strong understanding of JavaScript (ES6+), including DOM manipulation and event handling.
Experience with state management libraries (Redux, Vuex).
Proficiency in Node.js for back-end development.
Knowledge of PHP is a plus.
Solid experience with SQL databases (MySQL).
Strong understanding of RESTful services and API design.
Familiarity with version control systems (Git).
Experience with package managers (npm, Yarn, Composer).
Job Type: Permanent
Pay: ₹800,000.00 - ₹1,000,000.00 per year
Schedule:
Day shift
Experience:
React.js: 3 years (Required)
HTML, CSS: 3 years (Required)
JavaScript (ES6+): 3 years (Required)
Redux, Vuex: 2 years (Required)
MySQL/SQL: 2 years (Required)
API design: 2 years (Required)
Npm, Yarn, Composer: 2 years (Required)
Total: 4 years (Required)
Work Location: In person"
PHP DEVELOPER,"Prahlad Nagar, Ahmedabad, Gujarat",CodeCaste Pvt Ltd,https://in.indeed.com/cmp/Codecaste-Pvt-Ltd-3?campaignid=mobvjcmp&from=mobviewjob&tk=1i50ha7p2kheu800&fromjk=dccfc960ec5d5a5e,"From ₹12,000 a month","Work Mode - On site
Bond - Yes (1 Year Agreement)
Experience Require - Fresher
Joining - Within 1 week
CTC offered - Upto 12K/Month
Responsibilities:
Developing and maintaining websites using PHP, MySQL, and other relevant technologies.
Should have great knowledge of object oriented PHP programming
Writing clean, efficient, and well-documented code.
Collaborating with the development team to design and implement new features.
Will be building websites using frameworks like Wordpress, Laravel, Shopify etc
Troubleshooting and debugging website issues.
Participating in code reviews and providing feedback.
Requirements:
Bachelor's degree in Computer Science or a related field.
Strong understanding of PHP, MySQL, and HTML/CSS.
Good problem-solving and analytical skills.
Ability to work effectively in a team environment.
Job Type: Full-time
Pay: From ₹12,000.00 per month
Schedule:
Day shift
Work Location: In person"
Jr. PHP Developer,"Satellite, Ahmedabad, Gujarat",TechnoBrains Business Solutions LLP,https://in.indeed.com/cmp/Technobrain-IT-Solution-Pvt-Ltd?campaignid=mobvjcmp&from=mobviewjob&tk=1i50ha950khj4802&fromjk=ab31f0b98bef4937,"₹20,000 - ₹40,000 a month","Role Description
This is a full-time on-site role for a PHP Developer. The PHP Developer will be responsible for back-end and front-end web development, programming, web design, and other web development tasks as assigned by the team lead.
Experience: 1 to 3 Years
Location: Satellite, Ahmedabad (WFO)
Job Description:
-Proficiency in Core PHP, Laravel, React.js, WordPress and Python.
-Strong experience in developing and maintaining web applications.
-Capable of working on both frontend and backend development.
-Familiarity with databases (e.g., MySQL, MongoDB) and RESTful APIs.
-Strong problem-solving skills and the ability to work independently or as part of a team.
-Excellent communication skills and the ability to collaborate effectively with cross-functional teams.
Job Type: Permanent
Pay: ₹20,000.00 - ₹40,000.00 per month
Location Type:
In-person
Schedule:
Day shift
Education:
Bachelor's (Preferred)
Experience:
Laravel: 1 year (Preferred)
Python: 1 year (Preferred)
Work Location: In person"
Jr. PHP developer,"Satellite, Ahmedabad, Gujarat",Netcluse Technologies P. LTD,https://in.indeed.com/cmp/Netcluse-Technologies-P.-Ltd?campaignid=mobvjcmp&from=mobviewjob&tk=1i50haaankhem804&fromjk=4ded7916e7e1c2b6,"Up to ₹3,20,000 a year","Job Description
· Produce PHP, Laravel, CI, Java Script, Jquery, HTML, and other programming languages.
· Identify and resolve CSS, HTML, and scripting compatibility issues
across several platforms and browsers.
· Maintain and constantly updating company’s website.
· Creating efficient PHP modules and writing backend code.
· Should be able to understand program flow chart, programming methods and documentation procedure.
· Maintaining existing codebase, to include troubleshooting bugs and adding new features.
· Collaborating with designers to provide a superior user experience
· Troubleshooting application and code issues
Additional Qualifications and Skills Desired
· BCA / BSC IT / BE / ME in computer science.
· Responsive design concept.
· Unit testing.
· MVC framework Concept.
· Minimum 1 years of experience.
Job Type: Full-time
Pay: Up to ₹320,000.00 per year
Location Type:
In-person
Schedule:
Fixed shift
Night shift
Education:
Bachelor's (Preferred)
Experience:
PHP: 1 year (Preferred)
total work: 1 year (Preferred)
software development: 1 year (Preferred)
License/Certification:
PHP (Preferred)
Work Location: In person
Speak with the employer
+91 9429521724"
ANDROID DEVELOPER,"Ahmedabad, Gujarat",Dasinfomedia,https://in.indeed.com/cmp/Das-Infomedia?campaignid=mobvjcmp&from=mobviewjob&tk=1i50habp82i67000&fromjk=ebad13838c2aed8f,Fresher,"Location :
Ahmedabad
Industry :
IT
Description :
Dasinfomedia is a leading IT company located in Ahmedabad and US based. We are urgently seeking to fill the key position of PHP developer.
Ideal candidates for this position should possess one or all of the expertise below:
Skills required in JAVA , Android Studio, Android KTX and Kotlin
Skills required with PDF, Chart and Image libraries
Strong understanding of User interface for android
Proficient with REST/SOAP API integration
Proficient with Project collaboration and versioning tools like github, gitlab
Knowledge of PHP, MySQL is plus
Knowledge of HTML5 and CSS3 is plus
Experience with Firebase and Push notifications
Education Requirements:
Only BE, MSC IT and MCA Fresher/graduates should Apply
Experience Requirements :
Fresher
Qualification :
Ability to work in a team environment with members of varying skill levels.
Highly Motivated
Learns Quickly
Incentives :
Performance-based annual bonus plan, project-completion bonuses
If interested in this position, please email us your resume to Email:
hr1@dasinfomedia.com"
PHP/Laravel & WordPress Developer 0-2 years,"Ahmedabad, Gujarat",Goldengate Technolabs,https://in.indeed.com/cmp/Goldengate-Technolabs?campaignid=mobvjcmp&from=mobviewjob&tk=1i50hacsgk1cl803&fromjk=1eaa4fdd0efe7e51,"₹12,000 - ₹20,000 a month","Goldengate Technolabs is a leading
Web & App Development
Company based in India.
We are providing
Enterprise Software, Web & Mobile App Development
solutions in USA, UK, Canada
Candidates with prior experience in PHP , Laravel, WordPress Development, Full Stack PHP Developer can apply for this job.
Required Skills:
Experience in Laravel
Experience in WordPress
Strong experience in Core PHP
In-depth knowledge of HTML, CSS, JS
Good working experience in MySQL
LAMP development environment
We are looking for a 0-2 year experienced PHP, WordPress developer, as well as a PHP fresher.
Responsibilities and Duties
Code, develop, test, debug, and design features and portions of the software.
Be an initiator and a problem solver.
Write quality OOP code and refactor code as necessary.
Always come up with viable solutions and suggestions for the betterment of software.
Required Experience, Skills, and Qualifications
Must have a solid understanding of the object-oriented programming
Must have a solid understanding of WordPress CMS
Should have good experience with JavaScript, JQuery
Must be able to work independently.
Must be a fast learner and can implement new technologies effectively.
Must be a logical thinker and have analytical ability.
Must be able to understand complex requirements and provide solutions for them.
Always ready to face challenges prepared for new complexities
Job Types: Full-time, Permanent, Fresher, Internship
Contract length: 12 months
Pay: ₹12,000.00 - ₹20,000.00 per month
Benefits:
Paid sick time
Paid time off
Schedule:
Day shift
Supplemental Pay:
Commission pay
Overtime pay
Performance bonus
Yearly bonus
Ability to commute/relocate:
Ahmedabad, Gujarat: Reliably commute or planning to relocate before starting work (Required)
Education:
Bachelor's (Preferred)
Experience:
WordPress: 1 year (Required)
Work Location: In person"
Laravel Developer,"Ahmedabad, Gujarat",Sapphire Software Solutions,https://in.indeed.com/cmp/Sapphire-Pvt.-Ltd?campaignid=mobvjcmp&from=mobviewjob&tk=1i50hae18kdru800&fromjk=9b1beabf69a62b8b,"₹15,000 - ₹65,000 a month","Sapphire Software Solutions
is urgently hiring for Laravel Developer. Please find the description as mentioned below. Please note that this is NOT a remote/WFH opportunity.
Designation:
Laravel Developer
Experience:
1 - 5 Years
Location:
Ahmedabad, Gujarat
Desired Candidate Profile & Skillset:
Must have expertise in Laravel
Preferred to have experience in CodeIgniter, Core PHP & REST API.
Good to have knowledge of Angular/React/Node.js
Good understanding of MySQL Databases
Good knowledge of front-end technologies like JavaScript, jQuery, AJAX, HTML5, and CSS3
Understanding of MVC design patterns
Strong Knowledge of Software development life cycle
Must have knowledge of OOPS
Proficient understanding of code versioning tools, such as Git, SVN
Experience in integrating Payment Gateway and third-party PHP libraries is preferable
Should be an excellent communicator, both in writing and Verbal.
Should be ready to learn new technologies and take challenges
Should be an agile and quick problem solver
Interested candidates can apply by sharing their updated resume to schedule interviews!
Job Types: Full-time, Permanent
Pay: ₹15,000.00 - ₹65,000.00 per month
Schedule:
Day shift
Monday to Friday
Education:
Bachelor's (Preferred)
Experience:
total work: 1 year (Preferred)
software development: 1 year (Preferred)
Laravel: 1 year (Preferred)
Work Location: In person"
PHP Developer,"Ahmedabad, Gujarat",SetuBridge Technolabs,https://in.indeed.com/cmp/Setubridge-Technolabs?campaignid=mobvjcmp&from=mobviewjob&tk=1i50hafhn2e72000&fromjk=5892b23b2c726f3e,"₹15,000 - ₹65,000 a month","SetuBridge Technolabs is seeking a highly skilled and experienced PHP Developer to join our dynamic team. As a PHP Developer, you will play a critical role in designing, developing, and implementing scalable and robust PHP-based e-commerce solutions.
Responsibilities
A PHP Developer is responsible for designing, coding, and modifying websites and web applications. They collaborate with cross-functional teams to develop efficient and user-friendly solutions. Their tasks include writing clean, well-documented code, troubleshooting and debugging, and ensuring optimal performance. They integrate data storage and management systems, stay updated with emerging technologies, and contribute to the entire software development lifecycle. Additionally, PHP Developers ensure security and data protection, optimize applications for scalability, and maintain code integrity. Their role demands a strong grasp of PHP, web development, and problem-solving skills to create seamless online experiences.
Qualifications
Bachelor’s degree in Computer Science or a related field (or equivalent experience).
Minimum of 0 to 3 years of experience in php development, with a focus on backend development.
Experience in full life cycle project management
Skills
Strong problem-solving skills and ability to debug complex issues.
Excellent communication and teamwork skills.
Attention to detail and commitment to delivering high-quality work.
Job Type:
Full TimePart Time"
PHP Developer Job,"Ahmedabad, Gujarat",AxisTechnoLab,https://in.indeed.com/cmp/Axistechnolab?campaignid=mobvjcmp&from=mobviewjob&tk=1i50hagl6ic1r800&fromjk=68da4bb1972c834a,Fresher,"Position
: Jr.php Developer
Keyskills
: PHP, MySQL, HTML, JQuery, Ajax, XHTML, MVC, XML
Education
: B.E/B.Tech/MCA/BCA/ MSC-IT
Experince
: 1-6 Year(Fresher Can Apply)
Job Description :
Responsibilities :
Basic Knowledge of PHP MVC framework (CakePHP/CodeIgniter/Laravel) or any other framework.
Basic knowledge of developing and maintaining Data Base in MySQL (PHPMYADMIN).
Min. 1 project worked on CMS/ eCommerce platform like OS Commerce, Word Press, Drupal, Joomla, Magento, etc.
Basic Knowledge of JavaScript, Jquery, JSON, Ajax
Basic Knowledge of HTML, HTML 5, CSS, CSS3
Ability to lead project and meet deadline
Should have excellent coding skills
Should be motivated self starter and a very good team player
Good client communication skills"
NODE JS DEVELOPER,"Ahmedabad, Gujarat",Dasinfomedia,https://in.indeed.com/cmp/Das-Infomedia?campaignid=mobvjcmp&from=mobviewjob&tk=1i50hatnej6ve803&fromjk=41b649ec057f566f,Fresher,"Location :
Ahmedabad
Industry :
IT
Description :
Dasinfomedia is a leading IT company located in Ahmedabad and US based. We are urgently seeking to fill the key position of PHP developer.
Ideal candidates for this position should possess one or all of the expertise below:
Skill required in full stack developer experience in Node.JS and react js
Proficient knowledge of a backend programming language and an in-depth understanding of web development.
Strong with Node.js and Express framework.
Good understanding of server-side CSS pre-processors.
Proven experience creating user authentication and authorization between multiple systems servers, and environments.
Capability to integrate multiple data sources and databases into one system. MongoDB experience is must.
Ability to setup, administer of backups, data migration, transformation, and scripting.
Strong in developing API development and management.
Integration of third-party applications.
Education Requirements :
Only BE, MSC IT and MCA Fresher/graduates should Apply
Experience Requirements :
Fresher
Qualification :
Ability to work in a team environment with members of varying skill levels.
Highly Motivated
Learns Quickly
Incentives :
Performance-based annual bonus plan, project-completion bonuses
If interested in this position, please email us your resume to Email:
hr1@dasinfomedia.com"
PHP Developer,"Ahmedabad, Gujarat",Squad Technologies,https://in.indeed.com/cmp/Squad-Technologies-Pvt.-Ltd.?campaignid=mobvjcmp&from=mobviewjob&tk=1i50hauuukheu800&fromjk=92e0b457320fbacb,Full-time,"Detailed Job Description/Specification:
Skills and Experience Required in – PHP, MySQL strong database skills, HTML, CSS3, Bootstrap, jQuery, Responsive Design.
Sound knowledge of PHP, MYSQL, jQuery
Strong problem solving and analytical skills
Knowledge of Magento, WordPress, Drupal, OpenCart, CodeIgniter, Laravel, Zend, Symfony, Yii 2, Cake PHP will be a plus.
Candidate Profile:
Candidate must be B.E / MCA / MSc (Computers/IT). Full time degree Mandatory.
Interviews will be held at the aforementioned company address.
BENEFITS OF WORKING WITH SQUAD
TECHNOLOGIES
Professional
Learn from the experts around you to enhance your own offering.
Entry Level Hiring
Give yourself a head start in the race for a great career.
Internship
Use our Internship programs to discover IT and enhance your prospects.
Campus Commune
Engage with the spirit of the campus through a range of channels."
Laravel Developer,"Ahmedabad, Gujarat",Alliance International,https://in.indeed.com/cmp/Shining-Shiroes?campaignid=mobvjcmp&from=mobviewjob&tk=1i50hb0g5iaim803&fromjk=02d3a50661290256,"Up to ₹58,858.43 a month","*Job Description*
Discussing project aims with the client and development team
Designing and building web applications using Laravel.
Troubleshooting issues in the implementation and debug builds.
Working with front-end and back-end developers on projects.
Testing functionality for users and the backend.
Ensuring that integrations run smoothly.
Scaling projects based on client feedback.
Recording and reporting on work done in Laravel.
Maintaining web-based applications.
Presenting work in meetings with clients and management.
Experience working with PHP & Laravel Framework, performing unit testing, and managing APIs such as REST.
A solid understanding of application design using Laravel.
Knowledge of database design and querying using MySQL.
Proficiency in HTML/CSS and JavaScript.
Practical experience using the MVC architecture.
Problem-solving skills and critical mindset.
Great communication skills. The desire and ability to learn new things.
*Mandatory Skills*
Solid understanding of Laravel framework
MySQL & PostgreSQL
API Development & Integration
GIT, GIT Hub, GIT Lab, Bit Bucket, SVN
Job Type: Full-time
Pay: Up to ₹58,858.43 per month
Schedule:
Day shift
Education:
Bachelor's (Preferred)
Experience:
total work: 4 years (Preferred)
software development: 4 years (Preferred)
HTML5: 1 year (Preferred)
Work Location: In person
Application Deadline: 20/08/2024"
Laravel Developer,"Ambawadi, Ahmedabad, Gujarat",Intesols Private Limited,https://in.indeed.com/cmp/Intesols-P-Ltd-1?campaignid=mobvjcmp&from=mobviewjob&tk=1i50hb1gejbrd800&fromjk=851082de34d5609a,"₹25,000 - ₹50,000 a month","Intesols specializes in providing effective digital solutions for your business. We're a team of experts in all digital areas across creative, management, and technology working with over 600 businesses and brands in Australia. We strive to build partnerships with our clients and other agencies. Our goal is to provide intelligent and customized digital solutions to businesses. Whether it's web design, mobile apps, e-catalog, an e-commerce store, or online marketing we have some of the best talents at our disposal.
We will provide:
1. Freedom to apply innovative techniques
2. Transparent and supportive working culture
3. Platform to excel and grow
4. Leadership opportunity
5. Work / Life balance environment
6. 6 months is the probation period (after 3 months of compilation paid leaves will be allowed)
7. 12 national and festival leaves
8. 6 sick leaves
9. Total 15 paid leaves.
10. Shift timings: 7:00 AM to 4:30 PM (Monday to Friday)
11. a one year working period is compulsory.
Company Website
: https://www.intesols.com.au/ Currently 100+ employees are working with us.
Role & responsibilities:
Development of the websites in the PHP Laravel platform
experience in Shopify and/or WordPress is desirable
Customize the solution based on client requirements
Maintain expertise and knowledge of current and emerging technologies
Maintenance and support
Preferred candidate profile:
Minimum 2+ yrs Experience in Laravel is mandatory
Experience in PHP, MySQL, jQuery and JavaScript , API , Payment Gateway, Admin Panel, Ecommerce website is very important
Experience in Shopify / WordPress / Prestashop / Woocommerce development will be desirable
Experience in plugin, customization
Experience in verbal communication with international clients
Able to handle the team of developers with proper guidance
Leadership skill
Job Type: Full-time
Pay: ₹25,000.00 - ₹50,000.00 per month
Schedule:
Fixed shift
Monday to Friday
Morning shift
Education:
Bachelor's (Required)
Experience:
Laravel Developer: 2 years (Required)
verbal communication with international clients: 1 year (Required)
Work Location: In person"
PHP Laravel Developer,"Sola, Ahmedabad, Gujarat",Savitara Infotel,https://in.indeed.com/cmp/Savitara-Infotel?campaignid=mobvjcmp&from=mobviewjob&tk=1i50hb2h2h30m800&fromjk=7a108828e624bab6,"₹15,000.00 - ₹50,609.04 a month","Position: Php Laravel Developer
Experience: 2+ Years
Location: Ahmedabad
Key Responsibilities:
Develop and maintain web applications using Laravel and CodeIgniter frameworks.
Collaborate with cross-functional teams to define, design, and ship new features.
Write clean, well-documented, and efficient code that follows best practices.
Optimize applications for maximum speed and scalability.
Troubleshoot, test, and maintain the core product software to ensure strong optimization and functionality.
Integrate data storage solutions, including MySQL and other databases.
Stay up-to-date with the latest industry trends and technologies to ensure the continuous improvement of our applications.
Participate in code reviews and provide constructive feedback to peers.
Qualifications:
Experience:
2+ years of experience in PHP development, with strong expertise in both Laravel and CodeIgniter frameworks.
Education:
Bachelor’s degree in Computer Science, Information Technology, or a related field (or equivalent experience).
Technical Skills:
Proficient in PHP, MySQL, HTML5, CSS3, and JavaScript.
Strong understanding of MVC architecture and object-oriented programming.
Experience with RESTful API design and integration.
Familiarity with front-end frameworks like Vue.js, React, or Angular is a plus.
Knowledge of version control tools such as Git.
Understanding of Agile development methodologies.
Experience with third-party libraries and APIs.
Job Type: Full-time
Pay: ₹15,000.00 - ₹50,609.04 per month
Location Type:
In-person
Schedule:
Day shift
Education:
Bachelor's (Preferred)
Experience:
PHP: 2 years (Preferred)
total work: 2 years (Preferred)
software development: 2 years (Preferred)
License/Certification:
PHP (Preferred)
Work Location: In person"
Web Design & Developer,"Ahmedabad, Gujarat",Dial2web,https://in.indeed.com/cmp/Dial2web?campaignid=mobvjcmp&from=mobviewjob&tk=1i50hb3h3khf4800&fromjk=d3f0af9f6cab66e1,"₹15,000.00 - ₹50,609.04 a month","Dial2web is the quickest developing startup in the hyper-nearby commercial center in India. We enable clients to contract confided in experts for all their administration needs. Staffed with youthful, energetic individuals, we're all hustling to have any kind of effect in the lives of our clients, by taking into account their administration needs. Our center qualities incorporate Hustle, Basic and Re-envision!
We are searching for talented people to join our dynamic Back-End group of youthful experts. We are giving an awesome chance of working with our group in which you will get different help; proficient advancement from our master group to who have the energy for coding and innovation.
With Dial 2 Web innovation, we give financially savvy, on-time, and imaginative answers for SEO, statics; responsive web architectures and site advancements."
PHP (Laravel) Developer,"Ahmedabad, Gujarat",Wama Software,https://in.indeed.com/cmp/Wama-Software-1?campaignid=mobvjcmp&from=mobviewjob&tk=1i50hb4h6khf4800&fromjk=2e718d5848ce6490,Fresher,"Years of Experience:
Fresher to 6 Years
No. of Position:
4
Laravel Development: Design, develop, and maintain web applications using the Laravel framework, ensuring high performance, responsiveness, and security.
Database Management: Create and optimize database schemas, write efficient and well-documented SQL queries, and work with ORMs (Object-Relational Mapping) when necessary.
API Development: Build RESTful APIs and integrate third-party APIs into web applications as needed.
Code Review: Participate in code reviews to maintain code quality and ensure compliance with coding standards.
Bug Fixing: Identify and resolve software defects and issues in a timely manner.
Performance Optimization: Optimize application performance and scalability by implementing caching, code profiling, and other techniques.
Collaboration: Collaborate with front-end developers, UI/UX designers, and product managers to deliver high-quality, user-friendly solutions.
Version Control: Use version control systems (e.g., Git) to manage codebase and collaborate with team members.
Documentation: Create and maintain project documentation, including code comments and technical documentation.
Apply Now
Share"
PHP DEVELOPER,"Makarba, Ahmedabad, Gujarat",EMedStore,https://in.indeed.com/cmp/Emedstore-Pharma-IT-Company?campaignid=mobvjcmp&from=mobviewjob&tk=1i50hb5g8iaim800&fromjk=171296590fbe659f,Fresher,"Key Skills :-
Laravel, Codeigniter, AngularJS, NodeJS, MySQL / Mongo DB, Javascript, HTML, CSS.
Job Responsibility :-
1)Good knowledge of PHP, Core PHP
2)Good Knowledge of MVC
3)Good Knowledge of MySQL
4)JavaScript, jQuery, AJAX
5)Basic knowledge of HTML, CSS
6)Knowledge of API"
Web Designer/Developer Intern,"Ahmedabad, Gujarat",CloudZon,https://in.indeed.com/cmp/Cloudzon?campaignid=mobvjcmp&from=mobviewjob&tk=1i50hb6i3kdrm800&fromjk=79cdaeff7ea15418,Full-time,"Must have vision of user interface design skills.
Must have knowledge of HTML, CSS3, HTML5, Flash, Jquery, Java script, Bootstrap, Media Query.
PSD to HTML (Responsive & All Device Compatible)
Mobile App Android & IOS UI/UX Designing
Keeping up-to-date with recent technological and software developments.
Experience:
1 to 2 Years
Type of Position:
Full time"
Urgently Hiring For Laravel Developer,"Jagatpur, Ahmedabad, Gujarat",Devine Globe Technology,https://in.indeed.com/cmp/Devine-Globe-Technology?campaignid=mobvjcmp&from=mobviewjob&tk=1i50hb7lpk1cm803&fromjk=3be16e01d27665bb,"₹25,000 - ₹40,000 a month","Responsibilities:
1.5+ years of professional experience as a Laravel developer.
Design, develop, and implement web applications using Laravel and PHP.
Implement and manage the entire web application development lifecycle, from conception to delivery and post-launch maintenance.
Write secure and maintainable code following Laravel best practices and coding standards.
Stay up-to-date with the latest advancements in Laravel and related technologies.
In-depth knowledge of Laravel architecture, including components, routing, middleware, and Eloquent ORM.
Strong understanding of object-oriented programming (OOP) concepts in PHP.
Experience with API development (RESTful APIs).
Experience with cloud platforms (AWS, Google Cloud Platform, etc).
Proficient understanding of code versioning tools, such as Git. Experience with CI/CD pipelines.
Familiarity with third-party APIs and web services
Creating database schemas that represent and support business processes
Familiarity with SQL/NoSQL databases and their declarative query languages
Job Type: Full-time
Pay: ₹25,000.00 - ₹40,000.00 per month
Location Type:
In-person
Schedule:
Monday to Friday
Education:
Bachelor's (Preferred)
Experience:
total work: 2 years (Preferred)
Laravel: 2 years (Preferred)
Work Location: In person
Speak with the employer
+91 8780739849"
Urgently Hiring For Laravel Developer,"Jagatpur, Ahmedabad, Gujarat",Devine Globe Technology,https://in.indeed.com/cmp/Devine-Globe-Technology?campaignid=mobvjcmp&from=mobviewjob&tk=1i50hb7lpk1cm803&fromjk=3be16e01d27665bb,"₹25,000 - ₹40,000 a month","Responsibilities:
1.5+ years of professional experience as a Laravel developer.
Design, develop, and implement web applications using Laravel and PHP.
Implement and manage the entire web application development lifecycle, from conception to delivery and post-launch maintenance.
Write secure and maintainable code following Laravel best practices and coding standards.
Stay up-to-date with the latest advancements in Laravel and related technologies.
In-depth knowledge of Laravel architecture, including components, routing, middleware, and Eloquent ORM.
Strong understanding of object-oriented programming (OOP) concepts in PHP.
Experience with API development (RESTful APIs).
Experience with cloud platforms (AWS, Google Cloud Platform, etc).
Proficient understanding of code versioning tools, such as Git. Experience with CI/CD pipelines.
Familiarity with third-party APIs and web services
Creating database schemas that represent and support business processes
Familiarity with SQL/NoSQL databases and their declarative query languages
Job Type: Full-time
Pay: ₹25,000.00 - ₹40,000.00 per month
Location Type:
In-person
Schedule:
Monday to Friday
Education:
Bachelor's (Preferred)
Experience:
total work: 2 years (Preferred)
Laravel: 2 years (Preferred)
Work Location: In person
Speak with the employer
+91 8780739849"
Urgently Hiring For Laravel Developer,"Jagatpur, Ahmedabad, Gujarat",Devine Globe Technology,https://in.indeed.com/cmp/Devine-Globe-Technology?campaignid=mobvjcmp&from=mobviewjob&tk=1i50hb7lpk1cm803&fromjk=3be16e01d27665bb,"₹25,000 - ₹40,000 a month","Responsibilities:
1.5+ years of professional experience as a Laravel developer.
Design, develop, and implement web applications using Laravel and PHP.
Implement and manage the entire web application development lifecycle, from conception to delivery and post-launch maintenance.
Write secure and maintainable code following Laravel best practices and coding standards.
Stay up-to-date with the latest advancements in Laravel and related technologies.
In-depth knowledge of Laravel architecture, including components, routing, middleware, and Eloquent ORM.
Strong understanding of object-oriented programming (OOP) concepts in PHP.
Experience with API development (RESTful APIs).
Experience with cloud platforms (AWS, Google Cloud Platform, etc).
Proficient understanding of code versioning tools, such as Git. Experience with CI/CD pipelines.
Familiarity with third-party APIs and web services
Creating database schemas that represent and support business processes
Familiarity with SQL/NoSQL databases and their declarative query languages
Job Type: Full-time
Pay: ₹25,000.00 - ₹40,000.00 per month
Location Type:
In-person
Schedule:
Monday to Friday
Education:
Bachelor's (Preferred)
Experience:
total work: 2 years (Preferred)
Laravel: 2 years (Preferred)
Work Location: In person
Speak with the employer
+91 8780739849"
Urgently Hiring For Laravel Developer,"Jagatpur, Ahmedabad, Gujarat",Devine Globe Technology,https://in.indeed.com/cmp/Devine-Globe-Technology?campaignid=mobvjcmp&from=mobviewjob&tk=1i50hb7lpk1cm803&fromjk=3be16e01d27665bb,"₹25,000 - ₹40,000 a month","Responsibilities:
1.5+ years of professional experience as a Laravel developer.
Design, develop, and implement web applications using Laravel and PHP.
Implement and manage the entire web application development lifecycle, from conception to delivery and post-launch maintenance.
Write secure and maintainable code following Laravel best practices and coding standards.
Stay up-to-date with the latest advancements in Laravel and related technologies.
In-depth knowledge of Laravel architecture, including components, routing, middleware, and Eloquent ORM.
Strong understanding of object-oriented programming (OOP) concepts in PHP.
Experience with API development (RESTful APIs).
Experience with cloud platforms (AWS, Google Cloud Platform, etc).
Proficient understanding of code versioning tools, such as Git. Experience with CI/CD pipelines.
Familiarity with third-party APIs and web services
Creating database schemas that represent and support business processes
Familiarity with SQL/NoSQL databases and their declarative query languages
Job Type: Full-time
Pay: ₹25,000.00 - ₹40,000.00 per month
Location Type:
In-person
Schedule:
Monday to Friday
Education:
Bachelor's (Preferred)
Experience:
total work: 2 years (Preferred)
Laravel: 2 years (Preferred)
Work Location: In person
Speak with the employer
+91 8780739849"
Urgently Hiring For Laravel Developer,"Jagatpur, Ahmedabad, Gujarat",Devine Globe Technology,https://in.indeed.com/cmp/Devine-Globe-Technology?campaignid=mobvjcmp&from=mobviewjob&tk=1i50hb7lpk1cm803&fromjk=3be16e01d27665bb,"₹25,000 - ₹40,000 a month","Responsibilities:
1.5+ years of professional experience as a Laravel developer.
Design, develop, and implement web applications using Laravel and PHP.
Implement and manage the entire web application development lifecycle, from conception to delivery and post-launch maintenance.
Write secure and maintainable code following Laravel best practices and coding standards.
Stay up-to-date with the latest advancements in Laravel and related technologies.
In-depth knowledge of Laravel architecture, including components, routing, middleware, and Eloquent ORM.
Strong understanding of object-oriented programming (OOP) concepts in PHP.
Experience with API development (RESTful APIs).
Experience with cloud platforms (AWS, Google Cloud Platform, etc).
Proficient understanding of code versioning tools, such as Git. Experience with CI/CD pipelines.
Familiarity with third-party APIs and web services
Creating database schemas that represent and support business processes
Familiarity with SQL/NoSQL databases and their declarative query languages
Job Type: Full-time
Pay: ₹25,000.00 - ₹40,000.00 per month
Location Type:
In-person
Schedule:
Monday to Friday
Education:
Bachelor's (Preferred)
Experience:
total work: 2 years (Preferred)
Laravel: 2 years (Preferred)
Work Location: In person
Speak with the employer
+91 8780739849"
Urgently Hiring For Laravel Developer,"Jagatpur, Ahmedabad, Gujarat",Devine Globe Technology,https://in.indeed.com/cmp/Devine-Globe-Technology?campaignid=mobvjcmp&from=mobviewjob&tk=1i50hb7lpk1cm803&fromjk=3be16e01d27665bb,"₹25,000 - ₹40,000 a month","Responsibilities:
1.5+ years of professional experience as a Laravel developer.
Design, develop, and implement web applications using Laravel and PHP.
Implement and manage the entire web application development lifecycle, from conception to delivery and post-launch maintenance.
Write secure and maintainable code following Laravel best practices and coding standards.
Stay up-to-date with the latest advancements in Laravel and related technologies.
In-depth knowledge of Laravel architecture, including components, routing, middleware, and Eloquent ORM.
Strong understanding of object-oriented programming (OOP) concepts in PHP.
Experience with API development (RESTful APIs).
Experience with cloud platforms (AWS, Google Cloud Platform, etc).
Proficient understanding of code versioning tools, such as Git. Experience with CI/CD pipelines.
Familiarity with third-party APIs and web services
Creating database schemas that represent and support business processes
Familiarity with SQL/NoSQL databases and their declarative query languages
Job Type: Full-time
Pay: ₹25,000.00 - ₹40,000.00 per month
Location Type:
In-person
Schedule:
Monday to Friday
Education:
Bachelor's (Preferred)
Experience:
total work: 2 years (Preferred)
Laravel: 2 years (Preferred)
Work Location: In person
Speak with the employer
+91 8780739849"
